,userNr,userId,file_name,N,S,V,Nprec,Nrec,Nfsc,Sprec,Srec,Sfsc,Vprec,Vrec,Vfsc,Err%,Noise%
0,1000,6034c808d6c2740008035ede,1630737.035,857,2,0,1.0,0.9964994165694282,0.9982466393921683,1.0,0.5,0.6666666666666666,0.0,0.0,0.0,0.5,47.147846332945285
1,1000,6034c808d6c2740008035ede,1630737.056,4846,1,0,1.0,0.9896822121337185,0.994814353868492,0.034482758620689655,1.0,0.06666666666666667,0.0,0.0,0.0,1.0,18.898287600577675
2,1000,6034c808d6c2740008035ede,1630737.176,5750,0,0,1.0,0.987304347826087,0.9936116215979698,0.0,0.0,0.0,0.0,0.0,0.0,1.3,30.26086956521739
3,1000,6034c808d6c2740008035ede,1630737.219,759,4,0,1.0,0.9960474308300395,0.998019801980198,0.4,0.5,0.4444444444444445,0.0,0.0,0.0,0.7,40.76015727391874
4,1001,607efbd094e6ea3b5a1ab959,1630737.025,833,0,23,0.9967105263157895,0.3637454981992797,0.5329815303430079,0.0,0.0,0.0,0.05275779376498801,0.9565217391304348,0.1,62.0,54.90654205607477
5,1002,60a917b354352a3df86dc1f2,1630737.068,786,5,0,1.0,0.9860050890585241,0.9929532351057014,0.3333333333333333,1.0,0.5,0.0,0.0,0.0,1.4,49.557522123893804
6,1002,60a917b354352a3df86dc1f2,1630737.071,739,4,1,1.0,1.0,1.0,1.0,0.25,0.4,0.25,1.0,0.4,0.4,48.79032258064516
7,1002,60a917b354352a3df86dc1f2,1630737.081,803,1,0,1.0,0.9987546699875467,0.9993769470404984,0.5,1.0,0.6666666666666666,0.0,0.0,0.0,0.1,34.20398009950249
8,1002,60a917b354352a3df86dc1f2,1630737.108,5998,0,9,1.0,0.9989996665555185,0.9994995829858215,0.0,0.0,0.0,0.9,1.0,0.9473684210526316,0.1,34.74280006658898
9,1002,60a917b354352a3df86dc1f2,1630737.195,756,2,0,1.0,0.9947089947089947,0.9973474801061007,1.0,1.0,1.0,0.0,0.0,0.0,0.5,93.93139841688655
10,1002,60a917b354352a3df86dc1f2,1630737.282,863,4,0,1.0,0.9988412514484357,0.9994202898550725,1.0,0.25,0.4,0.0,0.0,0.0,0.5,61.47635524798154
11,1003,60e1d80f93b55b41529e9eaa,1630737.048,744,4,12,1.0,0.9946236559139785,0.9973045822102425,0.5714285714285714,1.0,0.7272727272727273,0.9230769230769231,1.0,0.9600000000000001,0.5,56.184210526315795
12,1003,60e1d80f93b55b41529e9eaa,1630737.055,1273,1,7,0.998324958123953,0.9363707776904949,0.9663558978516416,0.012658227848101266,1.0,0.024999999999999998,0.625,0.7142857142857143,0.6666666666666666,6.5,89.38329430132708
13,1003,60e1d80f93b55b41529e9eaa,1630737.110,806,0,9,1.0,0.9962779156327544,0.9981354878806712,0.0,0.0,0.0,1.0,1.0,1.0,0.4,46.13496932515338
14,1003,60e1d80f93b55b41529e9eaa,1630737.144,799,2,14,0.9987468671679198,0.9974968710888611,0.9981214777708203,0.25,0.5,0.3333333333333333,0.9230769230769231,0.8571428571428571,0.888888888888889,0.6,52.88343558282208
15,1003,60e1d80f93b55b41529e9eaa,1630737.153,1264,1,7,0.9983498349834984,0.9572784810126582,0.9773828756058157,0.0,0.0,0.0,0.6,0.8571428571428571,0.7058823529411764,4.4,91.82389937106919
16,1003,60e1d80f93b55b41529e9eaa,1630737.192,1156,2,17,0.9982222222222222,0.9714532871972318,0.9846558526961858,0.03225806451612903,0.5,0.06060606060606061,0.7894736842105263,0.8823529411764706,0.8333333333333333,3.1,68.59574468085107
17,1003,60e1d80f93b55b41529e9eaa,1630737.266,1127,0,5,0.9990800367985281,0.963620230700976,0.9810298102981029,0.0,0.0,0.0,0.42857142857142855,0.6,0.5,3.8,70.31802120141343
18,1004,613b1c6f3d08d4370acdc8f3,1630737.052,649,3,0,0.995398773006135,1.0,0.997694081475788,0.0,0.0,0.0,0.0,0.0,0.0,0.5,0.0
19,1005,613b1d0c3d08d413ffcdc8f6,1630737.028,811,1,22,0.9938118811881188,0.9901356350184957,0.9919703520691785,0.0,0.0,0.0,0.75,0.6818181818181818,0.7142857142857143,1.9,73.38129496402878
20,1005,613b1d0c3d08d413ffcdc8f6,1630737.109,715,11,5,0.9956204379562044,0.9538461538461539,0.9742857142857142,0.0,0.0,0.0,0.29411764705882354,1.0,0.45454545454545453,6.0,94.11764705882352
21,1005,613b1d0c3d08d413ffcdc8f6,1630737.143,735,1,10,0.9972789115646259,0.9972789115646259,0.9972789115646259,0.0,0.0,0.0,0.75,0.6,0.6666666666666665,0.9,75.46916890080428
22,1005,613b1d0c3d08d413ffcdc8f6,1630737.163,718,2,21,1.0,0.9930362116991643,0.9965059399021663,0.0,0.0,0.0,0.875,1.0,0.9333333333333333,0.9,69.63562753036437
23,1005,613b1d0c3d08d413ffcdc8f6,1630737.180,807,0,21,0.992462311557789,0.9789343246592317,0.9856519026824704,0.0,0.0,0.0,0.7142857142857143,0.7142857142857143,0.7142857142857143,2.8,92.9951690821256
24,1005,613b1d0c3d08d413ffcdc8f6,1630737.198,802,2,12,0.9937655860349127,0.9937655860349127,0.9937655860349127,0.0,0.0,0.0,0.8181818181818182,0.75,0.7826086956521738,1.2,91.42156862745098
25,1005,613b1d0c3d08d413ffcdc8f6,1630737.206,792,4,10,0.9987212276214834,0.9861111111111112,0.9923761118170267,0.0,0.0,0.0,0.5384615384615384,0.7,0.608695652173913,2.2,73.57320099255583
26,1005,613b1d0c3d08d413ffcdc8f6,1630737.241,834,1,9,0.9962073324905183,0.9448441247002398,0.9698461538461538,0.0,0.0,0.0,0.35294117647058826,0.6666666666666666,0.46153846153846156,5.9,76.30331753554502
27,1005,613b1d0c3d08d413ffcdc8f6,1630737.267,928,0,16,0.9954545454545455,0.9439655172413793,0.9690265486725664,0.0,0.0,0.0,0.5714285714285714,0.75,0.6486486486486486,5.9,93.11440677966102
28,1005,613b1d0c3d08d413ffcdc8f6,1630737.281,715,4,9,0.9971223021582734,0.9692307692307692,0.9829787234042554,0.0625,0.25,0.1,0.47058823529411764,0.8888888888888888,0.6153846153846153,3.6,89.83516483516483
29,1006,613b1d673d08d4d1f3cdc8f8,1630737.050,1012,13,0,0.9974937343358395,0.7865612648221344,0.8795580110497238,0.00684931506849315,0.07692307692307693,0.012578616352201257,0.0,0.0,0.0,22.2,52.58536585365854
30,1006,613b1d673d08d4d1f3cdc8f8,1630737.066,717,21,0,0.9983974358974359,0.8688981868898187,0.9291573452647278,0.038461538461538464,0.14285714285714285,0.060606060606060615,0.0,0.0,0.0,15.2,42.00542005420054
31,1006,613b1d673d08d4d1f3cdc8f8,1630737.084,843,20,0,1.0,0.8113879003558719,0.8958742632612967,0.022727272727272728,0.1,0.037037037037037035,0.0,0.0,0.0,20.5,41.01969872537659
32,1006,613b1d673d08d4d1f3cdc8f8,1630737.099,893,8,0,1.0,0.9742441209406495,0.9869540555870674,0.1,0.125,0.11111111111111112,0.0,0.0,0.0,3.3,31.076581576026634
33,1006,613b1d673d08d4d1f3cdc8f8,1630737.139,894,5,0,1.0,0.9776286353467561,0.9886877828054298,0.0,0.0,0.0,0.0,0.0,0.0,2.8,49.72191323692992
34,1006,613b1d673d08d4d1f3cdc8f8,1630737.171,642,5,0,1.0,0.985981308411215,0.9929411764705882,0.35714285714285715,1.0,0.5263157894736842,0.0,0.0,0.0,1.4,22.102009273570324
35,1006,613b1d673d08d4d1f3cdc8f8,1630737.220,653,12,0,1.0,0.9540581929555896,0.9764890282131662,0.25,0.8333333333333334,0.3846153846153846,0.0,0.0,0.0,4.8,32.631578947368425
36,1006,613b1d673d08d4d1f3cdc8f8,1630737.236,676,5,0,1.0,0.9837278106508875,0.9917971662938105,0.3125,1.0,0.47619047619047616,0.0,0.0,0.0,1.6,90.01468428781205
37,1006,613b1d673d08d4d1f3cdc8f8,1630737.240,664,5,0,1.0,0.9909638554216867,0.9954614220877459,0.45454545454545453,1.0,0.625,0.0,0.0,0.0,0.9,34.67862481315397
38,1006,613b1d673d08d4d1f3cdc8f8,1630737.243,764,5,0,1.0,0.8547120418848168,0.92166549047283,0.0,0.0,0.0,0.0,0.0,0.0,15.1,45.25357607282184
39,1007,6143507abd0cc5051b275171,1630737.009,749,0,3,1.0,0.6822429906542056,0.8111111111111111,0.0,0.0,0.0,0.024193548387096774,1.0,0.047244094488188976,31.6,57.579787234042556
40,1007,6143507abd0cc5051b275171,1630737.140,642,2,0,1.0,0.8006230529595015,0.889273356401384,0.008,0.5,0.015748031496062992,0.0,0.0,0.0,20.0,45.65217391304348
41,1007,6143507abd0cc5051b275171,1630737.207,483,2,0,1.0,1.0,1.0,1.0,1.0,1.0,0.0,0.0,0.0,0.0,3.2989690721649487
42,1008,6144c4fbbd0cc552e427535f,1630737.019,538,0,205,1.0,0.9869888475836431,0.9934518241347053,0.0,0.0,0.0,0.9951456310679612,1.0,0.9975669099756691,0.9,0.0
43,1008,6144c4fbbd0cc552e427535f,1630737.089,539,0,194,1.0,1.0,1.0,0.0,0.0,0.0,1.0,1.0,1.0,0.0,3.4106412005457027
44,1008,6144c4fbbd0cc552e427535f,1630737.117,717,0,278,0.9889042995839112,0.9944211994421199,0.9916550764951322,0.0,0.0,0.0,0.9962962962962963,0.9676258992805755,0.9817518248175183,1.3,99.89949748743719
45,1008,6144c4fbbd0cc552e427535f,1630737.181,723,0,168,1.0,0.9764868603042877,0.9881035689293212,0.0,0.0,0.0,0.9882352941176471,1.0,0.9940828402366864,1.9,87.7665544332211
46,1008,6144c4fbbd0cc552e427535f,1630737.183,556,0,188,0.9964093357271095,0.9982014388489209,0.9973045822102427,0.0,0.0,0.0,0.9946236559139785,0.9840425531914894,0.9893048128342246,0.5,81.72043010752688
47,1008,6144c4fbbd0cc552e427535f,1630737.201,508,0,377,0.9604743083003953,0.9566929133858267,0.9585798816568049,0.0,0.0,0.0,0.9833795013850416,0.9416445623342176,0.962059620596206,5.0,42.93785310734463
48,1008,6144c4fbbd0cc552e427535f,1630737.211,868,0,243,0.9849537037037037,0.9804147465437788,0.9826789838337182,0.0,0.0,0.0,0.9541666666666667,0.9423868312757202,0.9482401656314701,2.8,72.45724572457246
49,1008,6144c4fbbd0cc552e427535f,1630737.216,528,0,232,0.9905660377358491,0.9943181818181818,0.9924385633270322,0.0,0.0,0.0,0.9955555555555555,0.9655172413793104,0.9803063457330417,1.4,78.55263157894737
50,1008,6144c4fbbd0cc552e427535f,1630737.239,540,0,186,1.0,0.9944444444444445,0.9972144846796658,0.0,0.0,0.0,1.0,1.0,1.0,0.4,3.443526170798898
51,1008,6144c4fbbd0cc552e427535f,1630737.279,542,0,198,1.0,0.988929889298893,0.9944341372912803,0.0,0.0,0.0,0.9850746268656716,1.0,0.9924812030075187,0.8,2.7027027027027026
52,1009,6144c532bd0cc54c83275360,1630737.007,785,0,0,1.0,0.9974522292993631,0.9987244897959183,0.0,0.0,0.0,0.0,0.0,0.0,0.3,51.210191082802545
53,1010,6144c588bd0cc52ba0275362,1630737.003,522,0,47,1.0,1.0,1.0,0.0,0.0,0.0,1.0,0.9787234042553191,0.989247311827957,0.2,53.77855887521969
54,1010,6144c588bd0cc52ba0275362,1630737.018,501,0,35,1.0,0.9940119760479041,0.996996996996997,0.0,0.0,0.0,0.9210526315789473,1.0,0.958904109589041,0.6,63.059701492537314
55,1010,6144c588bd0cc52ba0275362,1630737.020,526,0,40,1.0,0.9961977186311787,0.9980952380952381,0.0,0.0,0.0,0.9523809523809523,1.0,0.975609756097561,0.4,54.06360424028268
56,1010,6144c588bd0cc52ba0275362,1630737.041,499,0,36,1.0,1.0,1.0,0.0,0.0,0.0,1.0,1.0,1.0,0.0,59.813084112149525
57,1010,6144c588bd0cc52ba0275362,1630737.053,505,0,32,1.0,0.996039603960396,0.998015873015873,0.0,0.0,0.0,0.9411764705882353,1.0,0.9696969696969697,0.4,47.486033519553075
58,1010,6144c588bd0cc52ba0275362,1630737.105,600,0,34,0.9983361064891847,1.0,0.9991673605328892,0.0,0.0,0.0,1.0,0.9705882352941176,0.9850746268656716,0.2,46.37223974763407
59,1010,6144c588bd0cc52ba0275362,1630737.169,596,0,38,1.0,1.0,1.0,0.0,0.0,0.0,1.0,1.0,1.0,0.0,49.8422712933754
60,1010,6144c588bd0cc52ba0275362,1630737.244,492,0,64,1.0,1.0,1.0,0.0,0.0,0.0,1.0,1.0,1.0,0.0,45.68345323741007
61,1010,6144c588bd0cc52ba0275362,1630737.246,509,0,44,1.0,0.9960707269155207,0.9980314960629921,0.0,0.0,0.0,1.0,1.0,1.0,0.4,32.368896925858955
62,1010,6144c588bd0cc52ba0275362,1630737.262,506,0,39,1.0,0.9960474308300395,0.998019801980198,0.0,0.0,0.0,0.9512195121951219,1.0,0.975,0.4,64.03669724770641
63,1011,6144c5b1bd0cc5a681275363,1630737.086,879,0,0,1.0,0.9647326507394767,0.9820497973364215,0.0,0.0,0.0,0.0,0.0,0.0,3.5,67.34926052332196
64,1012,6144c682bd0cc5acb7275368,1630737.013,714,0,78,0.9971949509116409,0.9957983193277311,0.9964961457603363,0.0,0.0,0.0,0.96,0.9230769230769231,0.9411764705882353,1.1,100.0
65,1012,6144c682bd0cc5acb7275368,1630737.036,680,0,89,1.0,0.9882352941176471,0.9940828402366864,0.0,0.0,0.0,0.9247311827956989,0.9662921348314607,0.945054945054945,1.4,97.52925877763329
66,1012,6144c682bd0cc5acb7275368,1630737.065,775,0,101,1.0,0.9909677419354839,0.9954633830200907,0.0,0.0,0.0,0.9345794392523364,0.9900990099009901,0.9615384615384615,0.9,100.0
67,1012,6144c682bd0cc5acb7275368,1630737.069,670,0,104,1.0,0.9985074626865672,0.9992531740104555,0.0,0.0,0.0,0.9901960784313726,0.9711538461538461,0.9805825242718447,0.5,100.0
68,1012,6144c682bd0cc5acb7275368,1630737.094,811,0,87,0.9975369458128078,0.998766954377312,0.99815157116451,0.0,0.0,0.0,0.9882352941176471,0.9655172413793104,0.9767441860465116,0.4,89.42093541202672
69,1012,6144c682bd0cc5acb7275368,1630737.128,863,0,89,0.9988425925925926,1.0,0.9994209612044007,0.0,0.0,0.0,1.0,0.9438202247191011,0.9710982658959537,0.5,93.69747899159664
70,1012,6144c682bd0cc5acb7275368,1630737.167,873,0,123,0.997709049255441,0.997709049255441,0.997709049255441,0.0,0.0,0.0,0.9833333333333333,0.959349593495935,0.97119341563786,0.7,100.0
71,1012,6144c682bd0cc5acb7275368,1630737.212,739,0,99,1.0,0.9661705006765899,0.9827942188575362,0.0,0.0,0.0,0.8099173553719008,0.98989898989899,0.8909090909090909,3.1,78.75894988066825
72,1012,6144c682bd0cc5acb7275368,1630737.215,860,0,100,1.0,1.0,1.0,0.0,0.0,0.0,1.0,0.98,0.98989898989899,0.2,97.29166666666667
73,1012,6144c682bd0cc5acb7275368,1630737.264,702,0,67,0.9985714285714286,0.9957264957264957,0.9971469329529243,0.0,0.0,0.0,0.9701492537313433,0.9701492537313433,0.9701492537313433,0.7,65.7997399219766
74,1013,614dbfd24bac1cce7b017aef,1630737.044,568,1,0,0.9978021978021978,0.7992957746478874,0.8875855327468231,0.0,0.0,0.0,0.0,0.0,0.0,20.2,19.332161687170473
75,1013,614dbfd24bac1cce7b017aef,1630737.057,632,0,0,1.0,0.8275316455696202,0.9056277056277056,0.0,0.0,0.0,0.0,0.0,0.0,17.2,65.03164556962025
76,1013,614dbfd24bac1cce7b017aef,1630737.080,945,9,0,1.0,0.9830687830687831,0.9914621131270012,0.21052631578947367,0.4444444444444444,0.2857142857142857,0.0,0.0,0.0,2.2,31.970649895178198
77,1013,614dbfd24bac1cce7b017aef,1630737.125,867,10,0,1.0,0.9803921568627451,0.99009900990099,0.0,0.0,0.0,0.0,0.0,0.0,3.1,41.73318129988598
78,1013,614dbfd24bac1cce7b017aef,1630737.189,910,4,0,1.0,0.9967032967032967,0.9983489268024216,0.0,0.0,0.0,0.0,0.0,0.0,0.8,25.601750547045953
79,1014,615708ba2312e518c0168e69,1630737.030,766,0,17,1.0,0.9321148825065274,0.9648648648648649,0.0,0.0,0.0,0.25757575757575757,1.0,0.40963855421686746,6.6,80.20434227330779
80,1014,615708ba2312e518c0168e69,1630737.051,741,1,3,1.0,0.9919028340080972,0.9959349593495934,0.0,0.0,0.0,0.3,1.0,0.4615384615384615,0.9,46.308724832214764
81,1014,615708ba2312e518c0168e69,1630737.103,768,0,5,1.0,0.98828125,0.9941060903732809,0.0,0.0,0.0,0.4166666666666667,1.0,0.5882352941176471,1.2,34.152652005174645
82,1014,615708ba2312e518c0168e69,1630737.127,723,0,5,1.0,0.9903181189488244,0.995135510771369,0.0,0.0,0.0,0.4166666666666667,1.0,0.5882352941176471,1.0,39.56043956043956
83,1014,615708ba2312e518c0168e69,1630737.130,716,2,4,0.9971550497866287,0.979050279329609,0.9880197322057788,0.0,0.0,0.0,0.21052631578947367,1.0,0.34782608695652173,2.4,65.65096952908587
84,1014,615708ba2312e518c0168e69,1630737.154,667,0,21,1.0,0.9685157421289355,0.9840060929169839,0.0,0.0,0.0,0.5,1.0,0.6666666666666666,3.1,72.67441860465115
85,1014,615708ba2312e518c0168e69,1630737.196,759,0,18,1.0,0.8774703557312253,0.9347368421052632,0.0,0.0,0.0,0.16981132075471697,1.0,0.2903225806451613,12.0,72.84427284427284
86,1014,615708ba2312e518c0168e69,1630737.202,750,1,15,1.0,0.9493333333333334,0.9740082079343365,0.0,0.0,0.0,0.29411764705882354,1.0,0.45454545454545453,5.1,58.22454308093995
87,1014,615708ba2312e518c0168e69,1630737.214,750,0,10,1.0,0.9173333333333333,0.956884561891516,0.0,0.0,0.0,0.14705882352941177,1.0,0.25641025641025644,8.2,56.57894736842105
88,1014,615708ba2312e518c0168e69,1630737.288,731,0,6,1.0,0.9917920656634747,0.9958791208791209,0.0,0.0,0.0,0.5,1.0,0.6666666666666666,0.8,49.25373134328358
89,1015,61632ace1e32557a62017bba,1630737.005,959,85,0,0.9946808510638298,0.9749739311783108,0.9847288046340179,0.5853658536585366,0.2823529411764706,0.38095238095238093,0.0,0.0,0.0,8.1,53.54406130268199
90,1015,61632ace1e32557a62017bba,1630737.006,940,70,3,0.9988814317673378,0.95,0.9738276990185387,0.1875,0.08571428571428572,0.11764705882352938,0.022988505747126436,0.6666666666666666,0.044444444444444446,11.1,62.88252714708786
91,1015,61632ace1e32557a62017bba,1630737.008,1092,83,0,0.9939903846153846,0.7573260073260073,0.8596673596673596,0.028089887640449437,0.060240963855421686,0.038314176245210725,0.0,0.0,0.0,29.2,53.87234042553192
92,1015,61632ace1e32557a62017bba,1630737.010,899,83,0,0.9988597491448119,0.9744160177975528,0.9864864864864864,0.6190476190476191,0.3132530120481928,0.41600000000000004,0.0,0.0,0.0,8.1,46.02851323828921
93,1015,61632ace1e32557a62017bba,1630737.024,1008,84,0,0.9926082365364308,0.9325396825396826,0.9616368286445013,0.4186046511627907,0.42857142857142855,0.42352941176470593,0.0,0.0,0.0,10.6,48.35164835164835
94,1015,61632ace1e32557a62017bba,1630737.033,1006,70,1,0.9978540772532188,0.9244532803180915,0.9597523219814241,0.17647058823529413,0.17142857142857143,0.1739130434782609,0.012987012987012988,1.0,0.025641025641025647,12.4,50.0464252553389
95,1015,61632ace1e32557a62017bba,1630737.073,999,97,0,0.9978021978021978,0.908908908908909,0.9512833944473547,0.23880597014925373,0.16494845360824742,0.1951219512195122,0.0,0.0,0.0,15.7,54.74452554744526
96,1015,61632ace1e32557a62017bba,1630737.077,962,101,0,0.9947423764458465,0.9833679833679834,0.989022477783586,0.6956521739130435,0.31683168316831684,0.43537414965986393,0.0,0.0,0.0,8.0,63.12323612417686
97,1015,61632ace1e32557a62017bba,1630737.161,987,88,0,0.9967248908296943,0.9250253292806484,0.9595375722543352,0.41304347826086957,0.4318181818181818,0.4222222222222222,0.0,0.0,0.0,11.5,46.23255813953489
98,1015,61632ace1e32557a62017bba,1630737.255,952,70,1,0.9946351931330472,0.9737394957983193,0.9840764331210191,0.6666666666666666,0.5428571428571428,0.5984251968503936,0.029411764705882353,1.0,0.05714285714285715,5.6,50.733137829912025
99,1016,61632afa1e325516b4017bbb,1630737.038,730,1,13,1.0,1.0,1.0,0.125,1.0,0.2222222222222222,1.0,0.46153846153846156,0.631578947368421,0.9,35.08064516129033
100,1016,61632afa1e325516b4017bbb,1630737.088,784,0,17,0.9987179487179487,0.9936224489795918,0.9961636828644501,0.0,0.0,0.0,0.7058823529411765,0.7058823529411765,0.7058823529411765,1.2,62.421972534332085
101,1016,61632afa1e325516b4017bbb,1630737.095,776,0,15,1.0,0.9987113402061856,0.9993552546744036,0.0,0.0,0.0,1.0,0.8,0.888888888888889,0.5,52.97092288242731
102,1016,61632afa1e325516b4017bbb,1630737.098,717,0,25,1.0,1.0,1.0,0.0,0.0,0.0,1.0,0.76,0.8636363636363636,0.8,51.078167115902964
103,1016,61632afa1e325516b4017bbb,1630737.100,784,0,7,1.0,1.0,1.0,0.0,0.0,0.0,1.0,0.8571428571428571,0.923076923076923,0.1,53.855878634639694
104,1016,61632afa1e325516b4017bbb,1630737.106,813,0,16,0.9987608426270136,0.991389913899139,0.9950617283950617,0.0,0.0,0.0,0.7222222222222222,0.8125,0.7647058823529411,1.2,55.24728588661038
105,1016,61632afa1e325516b4017bbb,1630737.158,769,0,20,0.9948119325551232,0.9973992197659298,0.9961038961038962,0.0,0.0,0.0,1.0,0.65,0.787878787878788,1.1,56.020278833967055
106,1016,61632afa1e325516b4017bbb,1630737.205,900,0,28,0.9988901220865705,1.0,0.9994447529150472,0.0,0.0,0.0,1.0,0.7142857142857143,0.8333333333333333,0.9,59.26724137931034
107,1016,61632afa1e325516b4017bbb,1630737.273,787,0,4,1.0,0.9974587039390089,0.9987277353689569,0.0,0.0,0.0,1.0,1.0,1.0,0.3,61.06194690265486
108,1016,61632afa1e325516b4017bbb,1630737.276,800,1,13,1.0,0.99,0.9949748743718593,0.25,1.0,0.4,0.7222222222222222,1.0,0.8387096774193548,1.0,61.547911547911546
109,1017,61632b451e325518bb017bbd,1630737.001,718,1,0,1.0,1.0,1.0,1.0,1.0,1.0,0.0,0.0,0.0,0.0,57.85813630041725
110,1017,61632b451e325518bb017bbd,1630737.029,752,1,19,0.9986666666666667,0.9960106382978723,0.9973368841544608,0.5,1.0,0.6666666666666666,0.9,0.9473684210526315,0.9230769230769231,0.5,50.388601036269435
111,1017,61632b451e325518bb017bbd,1630737.031,713,0,1,0.9985855728429985,0.9901823281907434,0.9943661971830986,0.0,0.0,0.0,0.0,0.0,0.0,1.1,51.120448179271705
112,1017,61632b451e325518bb017bbd,1630737.046,835,0,3,0.9987951807228915,0.9928143712574851,0.9957957957957958,0.0,0.0,0.0,0.2857142857142857,0.6666666666666666,0.4,0.8,28.28162291169451
113,1017,61632b451e325518bb017bbd,1630737.118,715,0,0,1.0,0.9986013986013986,0.999300209937019,0.0,0.0,0.0,0.0,0.0,0.0,0.1,43.07692307692308
114,1017,61632b451e325518bb017bbd,1630737.218,750,3,0,1.0,1.0,1.0,0.0,0.0,0.0,0.0,0.0,0.0,0.4,45.15272244355909
115,1017,61632b451e325518bb017bbd,1630737.256,749,0,4,0.9973262032085561,0.9959946595460614,0.9966599866399466,0.0,0.0,0.0,0.4,0.5,0.4444444444444445,0.7,29.747675962815407
116,1018,61632ba41e3255865f017bbf,1630737.237,871,0,0,1.0,0.9931113662456946,0.9965437788018434,0.0,0.0,0.0,0.0,0.0,0.0,0.7,47.876004592422504
117,1019,61632bd41e32554ace017bc0,1630737.123,588,0,9,0.9914965986394558,0.9914965986394558,0.9914965986394558,0.0,0.0,0.0,0.4444444444444444,0.4444444444444444,0.4444444444444444,1.7,60.13400335008375
118,1019,61632bd41e32554ace017bc0,1630737.131,645,0,12,0.9875776397515528,0.986046511627907,0.9868114817688131,0.0,0.0,0.0,0.3076923076923077,0.3333333333333333,0.32,2.6,39.87823439878234
119,1019,61632bd41e32554ace017bc0,1630737.145,663,0,10,0.9923195084485407,0.9743589743589743,0.9832572298325724,0.0,0.0,0.0,0.22727272727272727,0.5,0.3125,3.3,49.33135215453195
120,1019,61632bd41e32554ace017bc0,1630737.199,671,0,10,0.9908116385911179,0.9642324888226528,0.9773413897280966,0.0,0.0,0.0,0.15384615384615385,0.4,0.2222222222222222,4.4,28.193832599118945
121,1019,61632bd41e32554ace017bc0,1630737.209,610,0,12,0.9836065573770492,0.9836065573770492,0.9836065573770492,0.0,0.0,0.0,0.16666666666666666,0.16666666666666666,0.16666666666666666,3.2,40.67524115755627
122,1019,61632bd41e32554ace017bc0,1630737.224,605,0,14,0.9851239669421488,0.9851239669421488,0.9851239669421488,0.0,0.0,0.0,0.35714285714285715,0.35714285714285715,0.35714285714285715,2.9,44.91114701130856
123,1019,61632bd41e32554ace017bc0,1630737.248,607,0,18,0.9719934102141681,0.9719934102141681,0.9719934102141681,0.0,0.0,0.0,0.05555555555555555,0.05555555555555555,0.05555555555555555,5.4,57.120000000000005
124,1019,61632bd41e32554ace017bc0,1630737.254,701,0,12,0.994269340974212,0.9900142653352354,0.9921372408863474,0.0,0.0,0.0,0.5333333333333333,0.6666666666666666,0.5925925925925926,1.5,32.398316970546986
125,1019,61632bd41e32554ace017bc0,1630737.272,646,0,10,0.9907120743034056,0.9907120743034056,0.9907120743034056,0.0,0.0,0.0,0.4,0.4,0.4000000000000001,1.8,32.31707317073171
126,1019,61632bd41e32554ace017bc0,1630737.278,702,0,9,0.9971509971509972,0.9971509971509972,0.9971509971509972,0.0,0.0,0.0,0.75,0.6666666666666666,0.7058823529411765,0.7,54.008438818565395
127,1020,616b00841160152288c2816b,1630737.193,607,1,0,1.0,0.9983525535420099,0.9991755976916735,0.5,1.0,0.6666666666666666,0.0,0.0,0.0,0.2,69.07894736842105
128,1020,616b00841160152288c2816b,1630737.260,654,0,0,1.0,0.9373088685015291,0.9676400947119178,0.0,0.0,0.0,0.0,0.0,0.0,6.3,64.83180428134557
129,1021,616b00a811601579e9c2816c,1630737.017,809,0,0,1.0,0.9752781211372065,0.9874843554443055,0.0,0.0,0.0,0.0,0.0,0.0,2.5,85.16687268232386
130,1021,616b00a811601579e9c2816c,1630737.102,660,0,18,1.0,0.9984848484848485,0.9992418498862775,0.0,0.0,0.0,0.8571428571428571,0.3333333333333333,0.48,1.9,63.27433628318584
131,1021,616b00a811601579e9c2816c,1630737.135,657,0,34,1.0,0.984779299847793,0.9923312883435583,0.0,0.0,0.0,0.7647058823529411,0.7647058823529411,0.7647058823529412,2.6,43.12590448625181
132,1021,616b00a811601579e9c2816c,1630737.138,663,0,18,0.9794628751974723,0.9351432880844646,0.9567901234567902,0.0,0.0,0.0,0.10344827586206896,0.16666666666666666,0.1276595744680851,8.5,62.99559471365639
133,1021,616b00a811601579e9c2816c,1630737.147,729,0,32,1.0,0.9931412894375857,0.9965588437715073,0.0,0.0,0.0,0.8787878787878788,0.90625,0.8923076923076922,1.1,66.49145860709592
134,1021,616b00a811601579e9c2816c,1630737.150,767,0,11,1.0,0.9934810951760105,0.9967298888162198,0.0,0.0,0.0,0.7692307692307693,0.9090909090909091,0.8333333333333333,0.8,75.83547557840618
135,1021,616b00a811601579e9c2816c,1630737.186,774,0,7,1.0,0.9715762273901809,0.9855832241153342,0.0,0.0,0.0,0.7,1.0,0.8235294117647058,2.8,58.7708066581306
136,1021,616b00a811601579e9c2816c,1630737.283,637,0,13,0.9837133550488599,0.9481946624803768,0.9656274980015987,0.0,0.0,0.0,0.09090909090909091,0.07692307692307693,0.08333333333333334,6.9,43.84615384615385
137,1022,617509686d4fb48519637743,1630737.021,793,12,1,0.9933774834437086,0.18915510718789408,0.3177966101694915,0.009244992295839754,0.5,0.018154311649016642,0.16666666666666666,1.0,0.2857142857142857,80.5,47.39454094292804
138,1022,617509686d4fb48519637743,1630737.184,798,28,2,1.0,0.35213032581453635,0.5208526413345691,0.007736943907156673,0.14285714285714285,0.014678899082568806,0.06666666666666667,1.0,0.125,65.3,47.22222222222222
139,1023,617509a66d4fb46d3b637744,1630737.034,818,0,4,1.0,1.0,1.0,0.0,0.0,0.0,1.0,0.5,0.6666666666666666,0.2,75.30413625304136
140,1023,617509a66d4fb46d3b637744,1630737.058,807,0,11,0.9975247524752475,0.9987608426270136,0.9981424148606811,0.0,0.0,0.0,1.0,0.8181818181818182,0.9,0.4,46.21026894865526
141,1023,617509a66d4fb46d3b637744,1630737.060,817,0,12,0.9987745098039216,0.9975520195838433,0.998162890385793,0.0,0.0,0.0,1.0,0.9166666666666666,0.9565217391304348,0.4,79.37273823884198
142,1023,617509a66d4fb46d3b637744,1630737.083,822,0,5,1.0,0.9987834549878345,0.9993913572732805,0.0,0.0,0.0,0.8333333333333334,1.0,0.9090909090909091,0.1,40.991535671100365
143,1023,617509a66d4fb46d3b637744,1630737.148,814,0,11,0.9975308641975309,0.9926289926289926,0.9950738916256158,0.0,0.0,0.0,0.8181818181818182,0.8181818181818182,0.8181818181818182,1.0,60.60606060606061
144,1023,617509a66d4fb46d3b637744,1630737.151,732,0,4,0.9986282578875172,0.994535519125683,0.9965776865160849,0.0,0.0,0.0,0.6,0.75,0.6666666666666665,0.7,68.07065217391305
145,1023,617509a66d4fb46d3b637744,1630737.172,771,0,3,1.0,0.9987029831387808,0.9993510707332901,0.0,0.0,0.0,1.0,1.0,1.0,0.1,36.95090439276486
146,1023,617509a66d4fb46d3b637744,1630737.210,797,0,4,1.0,1.0,1.0,0.0,0.0,0.0,1.0,0.75,0.8571428571428571,0.1,67.41573033707866
147,1023,617509a66d4fb46d3b637744,1630737.234,658,0,1,1.0,0.9984802431610942,0.9992395437262357,0.0,0.0,0.0,0.5,1.0,0.6666666666666666,0.2,31.86646433990895
148,1023,617509a66d4fb46d3b637744,1630737.253,825,1,7,1.0,0.9878787878787879,0.9939024390243903,0.2,1.0,0.33333333333333337,0.5384615384615384,1.0,0.7000000000000001,1.2,70.70828331332532
149,1024,617509cd6d4fb47516637745,1630737.251,702,0,0,1.0,0.9700854700854701,0.9848156182212581,0.0,0.0,0.0,0.0,0.0,0.0,3.0,55.98290598290598
150,1024,617509cd6d4fb47516637745,1630737.261,597,3,0,0.9966555183946488,0.998324958123953,0.9974895397489539,0.0,0.0,0.0,0.0,0.0,0.0,0.7,57.833333333333336
151,1025,617ee9d16878b6710c6b47b1,1630737.162,810,0,0,1.0,0.9962962962962963,0.9981447124304267,0.0,0.0,0.0,0.0,0.0,0.0,0.4,71.35802469135803
152,1026,617eea056878b660e46b47b2,1630737.289,759,0,0,1.0,1.0,1.0,0.0,0.0,0.0,0.0,0.0,0.0,0.0,42.028985507246375
153,1027,617eea296878b60aff6b47b3,1630737.227,607,0,0,1.0,0.9802306425041186,0.9900166389351082,0.0,0.0,0.0,0.0,0.0,0.0,2.0,89.29159802306425
154,1028,617eea5a6878b6614c6b47b4,1630737.049,667,0,0,1.0,0.9910044977511244,0.9954819277108433,0.0,0.0,0.0,0.0,0.0,0.0,0.9,65.51724137931035
155,1028,617eea5a6878b6614c6b47b4,1630737.133,676,1,0,0.9985207100591716,0.9985207100591716,0.9985207100591716,0.0,0.0,0.0,0.0,0.0,0.0,0.3,41.802067946824224
156,1029,6190d4353cd1d2d85e303ce7,1630737.040,683,0,0,1.0,0.9985358711566618,0.9992673992673992,0.0,0.0,0.0,0.0,0.0,0.0,0.1,40.55636896046852
157,1029,6190d4353cd1d2d85e303ce7,1630737.137,717,1,0,1.0,1.0,1.0,0.0,0.0,0.0,0.0,0.0,0.0,0.1,31.894150417827298
158,1030,6190d45b3cd1d2e695303ce8,1630737.027,625,1,0,1.0,0.9888,0.9943684633950122,0.0,0.0,0.0,0.0,0.0,0.0,1.3,10.063897763578275
159,1030,6190d45b3cd1d2e695303ce8,1630737.042,562,2,0,1.0,1.0,1.0,1.0,1.0,1.0,0.0,0.0,0.0,0.0,97.3404255319149
160,1030,6190d45b3cd1d2e695303ce8,1630737.045,551,1,0,1.0,1.0,1.0,1.0,1.0,1.0,0.0,0.0,0.0,0.0,77.53623188405797
161,1030,6190d45b3cd1d2e695303ce8,1630737.079,580,2,0,0.9965457685664939,0.9948275862068966,0.9956859361518551,0.0,0.0,0.0,0.0,0.0,0.0,0.9,15.292096219931272
162,1030,6190d45b3cd1d2e695303ce8,1630737.090,644,1,0,0.9984076433121019,0.9736024844720497,0.9858490566037735,0.0,0.0,0.0,0.0,0.0,0.0,2.8,35.50387596899225
163,1030,6190d45b3cd1d2e695303ce8,1630737.120,538,1,0,1.0,0.9925650557620818,0.9962686567164178,1.0,1.0,1.0,0.0,0.0,0.0,0.7,77.36549165120594
164,1030,6190d45b3cd1d2e695303ce8,1630737.157,688,2,0,1.0,0.9767441860465116,0.988235294117647,0.058823529411764705,0.5,0.10526315789473684,0.0,0.0,0.0,2.5,65.5072463768116
165,1030,6190d45b3cd1d2e695303ce8,1630737.175,652,2,0,1.0,0.9202453987730062,0.9584664536741214,0.03773584905660377,1.0,0.07272727272727272,0.0,0.0,0.0,8.0,42.813455657492355
166,1030,6190d45b3cd1d2e695303ce8,1630737.242,572,2,0,1.0,1.0,1.0,1.0,0.5,0.6666666666666666,0.0,0.0,0.0,0.2,39.02439024390244
167,1030,6190d45b3cd1d2e695303ce8,1630737.257,577,1,0,1.0,1.0,1.0,1.0,1.0,1.0,0.0,0.0,0.0,0.0,94.80968858131487
168,1031,6190d4b23cd1d29db2303ce9,1630737.059,688,8,0,1.0,0.6729651162790697,0.8045178105994787,0.025974025974025976,0.75,0.0502092050209205,0.0,0.0,0.0,32.6,47.41379310344828
169,1031,6190d4b23cd1d29db2303ce9,1630737.076,563,10,2,0.9962756052141527,0.9502664298401421,0.9727272727272728,0.15151515151515152,0.5,0.23255813953488375,0.0,0.0,0.0,6.1,78.26086956521739
170,1031,6190d4b23cd1d29db2303ce9,1630737.082,531,16,0,1.0,0.9849340866290018,0.9924098671726755,0.6956521739130435,1.0,0.8205128205128205,0.0,0.0,0.0,1.5,63.80255941499085
171,1031,6190d4b23cd1d29db2303ce9,1630737.093,521,11,0,1.0,0.9769673704414588,0.9883495145631068,0.4782608695652174,1.0,0.6470588235294118,0.0,0.0,0.0,2.3,62.03007518796993
172,1031,6190d4b23cd1d29db2303ce9,1630737.152,521,13,0,1.0,0.9904030710172744,0.9951783992285439,0.7222222222222222,1.0,0.8387096774193548,0.0,0.0,0.0,0.9,53.18352059925093
173,1031,6190d4b23cd1d29db2303ce9,1630737.187,541,14,0,1.0,0.9944547134935305,0.9972196478220574,0.8235294117647058,1.0,0.9032258064516129,0.0,0.0,0.0,0.5,47.02702702702703
174,1031,6190d4b23cd1d29db2303ce9,1630737.225,493,13,0,1.0,1.0,1.0,1.0,0.9230769230769231,0.9600000000000001,0.0,0.0,0.0,0.2,53.359683794466406
175,1031,6190d4b23cd1d29db2303ce9,1630737.250,537,9,0,1.0,0.9757914338919925,0.9877474081055607,0.4090909090909091,1.0,0.5806451612903226,0.0,0.0,0.0,2.4,45.97069597069597
176,1031,6190d4b23cd1d29db2303ce9,1630737.265,530,10,0,0.9980952380952381,0.9886792452830189,0.9933649289099526,0.5714285714285714,0.8,0.6666666666666666,0.0,0.0,0.0,1.5,51.66666666666667
177,1031,6190d4b23cd1d29db2303ce9,1630737.271,548,15,0,1.0,0.9927007299270073,0.9963369963369962,0.7894736842105263,1.0,0.8823529411764706,0.0,0.0,0.0,0.7,54.35168738898757
178,1032,6190d4e63cd1d227c1303cea,1630737.002,555,1,0,0.9982014388489209,1.0,0.9990999099909991,0.0,0.0,0.0,0.0,0.0,0.0,0.2,58.63309352517986
179,1032,6190d4e63cd1d227c1303cea,1630737.012,595,2,0,0.9983164983164983,0.9966386554621849,0.9974768713204373,1.0,0.5,0.6666666666666666,0.0,0.0,0.0,0.5,42.54606365159129
180,1032,6190d4e63cd1d227c1303cea,1630737.032,560,1,0,1.0,0.9946428571428572,0.9973142345568488,1.0,1.0,1.0,0.0,0.0,0.0,0.5,100.0
181,1032,6190d4e63cd1d227c1303cea,1630737.054,595,0,1,1.0,1.0,1.0,0.0,0.0,0.0,1.0,1.0,1.0,0.0,72.48322147651007
182,1032,6190d4e63cd1d227c1303cea,1630737.197,629,2,0,0.9984051036682615,0.9952305246422893,0.9968152866242037,0.0,0.0,0.0,0.0,0.0,0.0,0.8,60.855784469096676
183,1032,6190d4e63cd1d227c1303cea,1630737.208,593,1,0,1.0,1.0,1.0,1.0,1.0,1.0,0.0,0.0,0.0,0.0,100.0
184,1032,6190d4e63cd1d227c1303cea,1630737.229,557,2,1,1.0,0.9892280071813285,0.9945848375451263,0.5,0.5,0.5,0.0,0.0,0.0,1.4,100.0
185,1032,6190d4e63cd1d227c1303cea,1630737.238,543,2,0,1.0,0.996316758747698,0.9981549815498155,1.0,1.0,1.0,0.0,0.0,0.0,0.4,100.0
186,1032,6190d4e63cd1d227c1303cea,1630737.259,541,1,0,1.0,1.0,1.0,1.0,1.0,1.0,0.0,0.0,0.0,0.0,97.7859778597786
187,1032,6190d4e63cd1d227c1303cea,1630737.285,641,3,0,0.9984375,0.9968798751950078,0.9976580796252927,1.0,0.3333333333333333,0.5,0.0,0.0,0.0,0.6,74.22360248447205
188,1033,6190d53e3cd1d2ea3f303cec,1630737.190,508,0,0,1.0,1.0,1.0,0.0,0.0,0.0,0.0,0.0,0.0,0.0,3.346456692913386
189,1033,6190d53e3cd1d2ea3f303cec,1630737.191,502,6,0,0.9901380670611439,1.0,0.9950445986124876,1.0,0.16666666666666666,0.2857142857142857,0.0,0.0,0.0,1.0,49.40944881889764
190,1033,6190d53e3cd1d2ea3f303cec,1630737.213,464,47,0,0.9115913555992141,1.0,0.9537512846865365,1.0,0.0425531914893617,0.08163265306122448,0.0,0.0,0.0,8.8,35.0293542074364
191,1033,6190d53e3cd1d2ea3f303cec,1630737.258,602,1,0,0.9983108108108109,0.9817275747508306,0.9899497487437187,0.0,0.0,0.0,0.0,0.0,0.0,2.0,45.77114427860697
192,1033,6190d53e3cd1d2ea3f303cec,1630737.263,508,10,0,0.9806949806949807,1.0,0.9902534113060429,0.0,0.0,0.0,0.0,0.0,0.0,1.9,34.942084942084946
193,1033,6190d53e3cd1d2ea3f303cec,1630737.268,525,11,0,0.9794007490636704,0.9961904761904762,0.9877242681775259,0.0,0.0,0.0,0.0,0.0,0.0,2.4,33.76865671641791
194,1034,619b4b92b4813271534e3da8,1630737.023,593,0,27,0.9848484848484849,0.9865092748735245,0.9856781802864364,0.0,0.0,0.0,0.9473684210526315,0.6666666666666666,0.782608695652174,2.7,80.16129032258064
195,1034,619b4b92b4813271534e3da8,1630737.064,555,0,15,0.9800362976406534,0.972972972972973,0.976491862567812,0.0,0.0,0.0,0.0,0.0,0.0,5.3,69.47368421052632
196,1034,619b4b92b4813271534e3da8,1630737.085,608,0,14,0.9802631578947368,0.9802631578947368,0.9802631578947368,0.0,0.0,0.0,1.0,0.14285714285714285,0.25,3.9,75.88424437299035
197,1034,619b4b92b4813271534e3da8,1630737.097,588,1,14,0.9914821124361158,0.9897959183673469,0.9906382978723404,0.0,0.0,0.0,0.9,0.6428571428571429,0.75,2.0,31.674958540630183
198,1034,619b4b92b4813271534e3da8,1630737.101,548,0,21,0.9758812615955473,0.9598540145985401,0.9678012879484821,0.0,0.0,0.0,1.0,0.047619047619047616,0.0909090909090909,7.4,51.66959578207382
199,1034,619b4b92b4813271534e3da8,1630737.124,554,0,18,0.9815837937384899,0.9620938628158845,0.9717411121239744,0.0,0.0,0.0,0.0,0.0,0.0,6.8,36.01398601398601
200,1034,619b4b92b4813271534e3da8,1630737.204,589,0,15,1.0,0.9728353140916808,0.9862306368330465,0.0,0.0,0.0,1.0,0.26666666666666666,0.4210526315789474,4.5,65.72847682119205
201,1034,619b4b92b4813271534e3da8,1630737.221,618,0,17,0.993431855500821,0.9789644012944984,0.9861450692746536,0.0,0.0,0.0,1.0,0.47058823529411764,0.6399999999999999,3.5,74.64566929133858
202,1034,619b4b92b4813271534e3da8,1630737.252,593,0,16,1.0,0.9713322091062394,0.9854576561163387,0.0,0.0,0.0,1.0,0.3125,0.47619047619047616,4.6,55.33661740558292
203,1034,619b4b92b4813271534e3da8,1630737.269,599,0,15,0.9882943143812709,0.986644407345576,0.9874686716791979,0.0,0.0,0.0,1.0,0.5333333333333333,0.6956521739130436,2.4,70.03257328990227
204,1035,619b4bbbb481320f924e3da9,1630737.016,642,1,0,1.0,0.9968847352024922,0.9984399375975038,0.5,1.0,0.6666666666666666,0.0,0.0,0.0,0.3,21.461897356143076
205,1035,619b4bbbb481320f924e3da9,1630737.039,638,0,1,1.0,1.0,1.0,0.0,0.0,0.0,1.0,1.0,1.0,0.0,36.15023474178404
206,1035,619b4bbbb481320f924e3da9,1630737.043,645,0,1,1.0,0.9953488372093023,0.9976689976689977,0.0,0.0,0.0,0.3333333333333333,1.0,0.5,0.5,51.702786377708975
207,1035,619b4bbbb481320f924e3da9,1630737.067,622,0,0,1.0,1.0,1.0,0.0,0.0,0.0,0.0,0.0,0.0,0.0,3.536977491961415
208,1035,619b4bbbb481320f924e3da9,1630737.194,642,0,0,1.0,1.0,1.0,0.0,0.0,0.0,0.0,0.0,0.0,0.0,4.672897196261682
209,1035,619b4bbbb481320f924e3da9,1630737.270,647,0,2,1.0,1.0,1.0,0.0,0.0,0.0,1.0,1.0,1.0,0.0,18.798151001540834
210,1035,619b4bbbb481320f924e3da9,1630737.286,634,0,1,1.0,1.0,1.0,0.0,0.0,0.0,1.0,1.0,1.0,0.0,0.0
211,1036,619b4beab481327f494e3daa,1630737.070,639,0,0,1.0,0.9702660406885759,0.9849086576648134,0.0,0.0,0.0,0.0,0.0,0.0,3.0,48.04381846635368
212,1036,619b4beab481327f494e3daa,1630737.132,668,4,0,0.9984802431610942,0.9835329341317365,0.9909502262443438,0.15384615384615385,0.5,0.23529411764705882,0.0,0.0,0.0,1.9,20.535714285714285
213,1036,619b4beab481327f494e3daa,1630737.188,696,2,0,0.9983792544570502,0.8850574712643678,0.9383092155369382,0.0,0.0,0.0,0.0,0.0,0.0,11.7,55.587392550143264
214,1037,619b4c0fb48132b9ef4e3dab,1630737.159,561,2,0,1.0,1.0,1.0,1.0,1.0,1.0,0.0,0.0,0.0,0.0,54.70692717584369
215,1037,619b4c0fb48132b9ef4e3dab,1630737.185,539,0,0,1.0,0.9981447124304267,0.999071494893222,0.0,0.0,0.0,0.0,0.0,0.0,0.2,52.69016697588126
216,1038,619b4c3eb48132c6194e3dac,1630737.121,710,2,0,1.0,0.780281690140845,0.8765822784810127,0.0,0.0,0.0,0.0,0.0,0.0,22.2,100.0
217,1038,619b4c3eb48132c6194e3dac,1630737.156,678,0,0,1.0,0.9837758112094396,0.9918215613382899,0.0,0.0,0.0,0.0,0.0,0.0,1.6,100.0
218,1038,619b4c3eb48132c6194e3dac,1630737.177,703,2,0,1.0,0.7880512091038406,0.8814638027048527,0.0,0.0,0.0,0.0,0.0,0.0,21.4,100.0
219,1039,619b4c63b4813294ad4e3dad,1630737.114,596,0,0,1.0,0.9983221476510067,0.9991603694374475,0.0,0.0,0.0,0.0,0.0,0.0,0.2,48.99328859060403
220,1040,61a885c55cd54749a3a4e96d,1630737.119,818,0,1,0.9987760097919217,0.9975550122249389,0.998165137614679,0.0,0.0,0.0,0.0,0.0,0.0,0.4,46.64224664224664
221,1040,61a885c55cd54749a3a4e96d,1630737.129,862,0,0,1.0,0.9965197215777262,0.9982568274259151,0.0,0.0,0.0,0.0,0.0,0.0,0.3,40.25522041763341
222,1041,61a885ec5cd54753a6a4e96e,1630737.164,510,0,0,1.0,1.0,1.0,0.0,0.0,0.0,0.0,0.0,0.0,0.0,38.43137254901961
223,1041,61a885ec5cd54753a6a4e96e,1630737.222,486,1,0,1.0,0.9917695473251029,0.9958677685950413,0.25,1.0,0.4,0.0,0.0,0.0,0.8,51.74537987679672
224,1042,61a886195cd5477be0a4e96f,1630737.037,654,0,13,1.0,0.9755351681957186,0.9876160990712075,0.0,0.0,0.0,1.0,0.9230769230769231,0.9600000000000001,2.5,52.92353823088456
225,1042,61a886195cd5477be0a4e96f,1630737.075,633,0,33,0.9630931458699473,0.8657187993680885,0.9118136439267888,0.0,0.0,0.0,0.7,0.21212121212121213,0.3255813953488372,16.7,57.507507507507505
226,1042,61a886195cd5477be0a4e96f,1630737.091,654,0,12,0.9873217115689382,0.9525993883792049,0.9696498054474709,0.0,0.0,0.0,0.0,0.0,0.0,6.5,84.68468468468468
227,1042,61a886195cd5477be0a4e96f,1630737.104,640,0,17,0.9903069466882067,0.9578125,0.9737887212073073,0.0,0.0,0.0,1.0,0.4117647058823529,0.5833333333333334,5.6,63.4703196347032
228,1042,61a886195cd5477be0a4e96f,1630737.134,656,0,19,1.0,0.9451219512195121,0.9717868338557993,0.0,0.0,0.0,1.0,0.8421052631578947,0.9142857142857143,5.8,45.18518518518518
229,1042,61a886195cd5477be0a4e96f,1630737.149,620,0,36,1.0,0.9693548387096774,0.9844389844389845,0.0,0.0,0.0,1.0,1.0,1.0,2.9,18.445121951219512
230,1042,61a886195cd5477be0a4e96f,1630737.170,666,0,23,0.9967637540453075,0.924924924924925,0.9595015576323987,0.0,0.0,0.0,0.7916666666666666,0.8260869565217391,0.8085106382978724,7.8,45.71843251088534
231,1042,61a886195cd5477be0a4e96f,1630737.182,656,0,18,0.9785330948121646,0.8338414634146342,0.9004115226337449,0.0,0.0,0.0,0.375,0.16666666666666666,0.23076923076923078,18.4,51.780415430267055
232,1042,61a886195cd5477be0a4e96f,1630737.203,633,0,33,0.9828178694158075,0.9036334913112164,0.9415637860082304,0.0,0.0,0.0,1.0,0.12121212121212122,0.21621621621621626,13.5,42.94294294294294
233,1042,61a886195cd5477be0a4e96f,1630737.247,665,0,21,0.9984326018808778,0.9578947368421052,0.9777436684574061,0.0,0.0,0.0,1.0,0.9523809523809523,0.975609756097561,4.2,56.268221574344025
234,1043,61a8863e5cd547e980a4e970,1630737.004,681,113,0,0.9883551673944687,0.9970631424375918,0.9926900584795321,0.9811320754716981,0.9203539823008849,0.949771689497717,0.0,0.0,0.0,1.4,39.042821158690174
235,1043,61a8863e5cd547e980a4e970,1630737.014,588,73,42,0.9966101694915255,1.0,0.99830220713073,0.9722222222222222,0.958904109589041,0.9655172413793104,0.926829268292683,0.9047619047619048,0.9156626506024096,1.0,100.0
236,1043,61a8863e5cd547e980a4e970,1630737.022,551,98,65,0.9910071942446043,1.0,0.995483288166215,0.97,0.9897959183673469,0.9797979797979798,1.0,0.8923076923076924,0.9430894308943091,1.1,100.0
237,1043,61a8863e5cd547e980a4e970,1630737.047,573,104,59,0.9965217391304347,1.0,0.9982578397212544,0.9279279279279279,0.9903846153846154,0.9581395348837211,1.0,0.847457627118644,0.9174311926605504,1.4,60.46195652173913
238,1043,61a8863e5cd547e980a4e970,1630737.072,638,81,49,0.9891472868217054,1.0,0.9945440374123148,0.9156626506024096,0.9382716049382716,0.9268292682926829,1.0,0.8163265306122449,0.898876404494382,1.8,48.56770833333333
239,1043,61a8863e5cd547e980a4e970,1630737.168,608,62,138,0.9806451612903225,1.0,0.990228013029316,0.8260869565217391,0.9193548387096774,0.8702290076335878,1.0,0.8623188405797102,0.9260700389105059,3.0,37.004950495049506
240,1043,61a8863e5cd547e980a4e970,1630737.174,546,148,0,1.0,0.9981684981684982,0.999083409715857,0.9932885906040269,1.0,0.9966329966329966,0.0,0.0,0.0,0.1,100.0
241,1043,61a8863e5cd547e980a4e970,1630737.230,614,57,58,0.9918300653594772,0.988599348534202,0.9902120717781403,0.9122807017543859,0.9122807017543859,0.9122807017543859,0.8833333333333333,0.9137931034482759,0.8983050847457628,2.3,95.19890260631001
242,1043,61a8863e5cd547e980a4e970,1630737.233,554,97,80,0.9875,0.9981949458483754,0.9928186714542191,0.9381443298969072,0.9381443298969072,0.9381443298969072,0.972972972972973,0.9,0.935064935064935,2.1,60.0547195622435
243,1043,61a8863e5cd547e980a4e970,1630737.280,579,69,44,0.996551724137931,0.998272884283247,0.9974115616911131,0.9436619718309859,0.9710144927536232,0.9571428571428571,1.0,0.9318181818181818,0.9647058823529412,0.9,100.0
244,1044,61a886b3e8f90001e9c6e12b,1630737.078,527,27,0,0.9512635379061372,1.0,0.9750231267345051,0.0,0.0,0.0,0.0,0.0,0.0,4.9,100.0
245,1044,61a886b3e8f90001e9c6e12b,1630737.112,495,77,0,0.8666666666666667,0.997979797979798,0.927699530516432,0.0,0.0,0.0,0.0,0.0,0.0,13.6,100.0
246,1044,61a886b3e8f90001e9c6e12b,1630737.122,504,59,0,0.896797153024911,1.0,0.9455909943714822,1.0,0.01694915254237288,0.03333333333333333,0.0,0.0,0.0,10.3,100.0
247,1044,61a886b3e8f90001e9c6e12b,1630737.142,504,24,0,0.9545454545454546,1.0,0.9767441860465117,0.0,0.0,0.0,0.0,0.0,0.0,4.5,33.71212121212121
248,1044,61a886b3e8f90001e9c6e12b,1630737.155,584,0,0,1.0,0.9982876712328768,0.9991431019708655,0.0,0.0,0.0,0.0,0.0,0.0,0.2,61.81506849315068
249,1044,61a886b3e8f90001e9c6e12b,1630737.228,575,0,0,1.0,0.9982608695652174,0.999129677980853,0.0,0.0,0.0,0.0,0.0,0.0,0.2,41.391304347826086
250,1045,61b31ff1cf0f34275ccb1c90,1630737.015,635,2,74,0.9906396255850234,1.0,0.9952978056426333,1.0,1.0,1.0,1.0,0.918918918918919,0.9577464788732395,0.8,13.220815752461323
251,1045,61b31ff1cf0f34275ccb1c90,1630737.061,701,1,80,0.9817415730337079,0.9971469329529244,0.9893842887473462,0.14285714285714285,1.0,0.25,1.0,0.7875,0.881118881118881,2.4,18.797953964194374
252,1045,61b31ff1cf0f34275ccb1c90,1630737.062,779,0,215,0.9845956354300385,0.9845956354300385,0.9845956354300385,0.0,0.0,0.0,0.9800995024875622,0.9162790697674419,0.9471153846153845,3.0,53.21931589537223
253,1045,61b31ff1cf0f34275ccb1c90,1630737.063,613,0,109,0.9919093851132686,1.0,0.9959382615759546,0.0,0.0,0.0,1.0,0.9541284403669725,0.9765258215962441,0.7,20.498614958448755
254,1045,61b31ff1cf0f34275ccb1c90,1630737.126,672,2,91,0.9940476190476191,0.9940476190476191,0.9940476190476191,0.16666666666666666,0.5,0.25,0.9770114942528736,0.9340659340659341,0.9550561797752809,1.4,40.65359477124183
255,1045,61b31ff1cf0f34275ccb1c90,1630737.141,675,1,129,0.9882697947214076,0.9985185185185185,0.9933677229182019,0.0,0.0,0.0,0.9834710743801653,0.9224806201550387,0.9520000000000001,1.5,48.81987577639752
256,1045,61b31ff1cf0f34275ccb1c90,1630737.173,715,2,78,0.983402489626556,0.9944055944055944,0.9888734353268428,0.5,1.0,0.6666666666666666,0.9558823529411765,0.8333333333333334,0.8904109589041096,2.1,99.37106918238993
257,1045,61b31ff1cf0f34275ccb1c90,1630737.178,695,0,155,0.9760225669957687,0.99568345323741,0.9857549857549857,0.0,0.0,0.0,0.9927536231884058,0.8838709677419355,0.9351535836177475,2.5,57.88235294117647
258,1045,61b31ff1cf0f34275ccb1c90,1630737.217,712,0,105,0.9749303621169917,0.9831460674157303,0.9790209790209791,0.0,0.0,0.0,0.9885057471264368,0.819047619047619,0.8958333333333333,3.8,77.60097919216646
259,1045,61b31ff1cf0f34275ccb1c90,1630737.245,735,1,122,0.9503267973856209,0.9891156462585035,0.9693333333333334,0.08333333333333333,1.0,0.15384615384615385,0.9753086419753086,0.6475409836065574,0.7783251231527094,5.9,55.47785547785548
260,1046,61b32023cf0f347968cb1c91,1630737.011,696,1,0,1.0,1.0,1.0,0.0,0.0,0.0,0.0,0.0,0.0,0.1,26.255380200860834
261,1046,61b32023cf0f347968cb1c91,1630737.107,533,0,0,1.0,0.9849906191369606,0.9924385633270322,0.0,0.0,0.0,0.0,0.0,0.0,1.5,23.639774859287055
262,1046,61b32023cf0f347968cb1c91,1630737.146,664,1,0,1.0,1.0,1.0,1.0,1.0,1.0,0.0,0.0,0.0,0.0,13.233082706766917
263,1047,61b3207dcf0f344005cb1c93,1630737.074,519,1,0,0.9980732177263969,0.9980732177263969,0.9980732177263969,0.0,0.0,0.0,0.0,0.0,0.0,0.4,45.76923076923077
264,1047,61b3207dcf0f344005cb1c93,1630737.116,687,1,0,1.0,0.9985443959243085,0.9992716678805535,1.0,1.0,1.0,0.0,0.0,0.0,0.1,40.116279069767444
265,1047,61b3207dcf0f344005cb1c93,1630737.160,542,0,0,1.0,0.9981549815498155,0.9990766389658357,0.0,0.0,0.0,0.0,0.0,0.0,0.2,68.26568265682657
266,1047,61b3207dcf0f344005cb1c93,1630737.226,697,1,0,1.0,0.9971305595408895,0.9985632183908045,1.0,1.0,1.0,0.0,0.0,0.0,0.3,60.74498567335244
267,1047,61b3207dcf0f344005cb1c93,1630737.232,532,0,1,0.9981167608286252,0.9962406015037594,0.9971777986829727,0.0,0.0,0.0,0.0,0.0,0.0,0.6,49.34333958724203
268,1047,61b3207dcf0f344005cb1c93,1630737.235,783,0,1,1.0,0.9961685823754789,0.9980806142034548,0.0,0.0,0.0,1.0,1.0,1.0,0.4,57.6530612244898
269,1048,61b320a0cf0f344d5acb1c94,1630737.092,573,0,2,0.9982578397212544,1.0,0.999128160418483,0.0,0.0,0.0,1.0,0.5,0.6666666666666666,0.2,12.173913043478262
270,1048,61b320a0cf0f344d5acb1c94,1630737.096,541,0,1,1.0,1.0,1.0,0.0,0.0,0.0,1.0,1.0,1.0,0.0,100.0
271,1048,61b320a0cf0f344d5acb1c94,1630737.166,610,0,7,1.0,1.0,1.0,0.0,0.0,0.0,1.0,0.42857142857142855,0.6,0.6,32.25283630470016
272,1048,61b320a0cf0f344d5acb1c94,1630737.200,629,0,5,1.0,0.9984101748807631,0.9992044550517105,0.0,0.0,0.0,1.0,0.4,0.5714285714285715,0.6,35.17350157728706
273,1048,61b320a0cf0f344d5acb1c94,1630737.223,547,0,2,1.0,0.9981718464351006,0.9990850869167429,0.0,0.0,0.0,1.0,0.5,0.6666666666666666,0.4,17.850637522768668
274,1048,61b320a0cf0f344d5acb1c94,1630737.231,620,0,4,1.0,1.0,1.0,0.0,0.0,0.0,1.0,1.0,1.0,0.0,25.64102564102564
275,1048,61b320a0cf0f344d5acb1c94,1630737.274,534,0,1,1.0,1.0,1.0,0.0,0.0,0.0,0.0,0.0,0.0,0.2,100.0
276,1048,61b320a0cf0f344d5acb1c94,1630737.275,638,0,2,0.9984025559105432,0.9796238244514106,0.9889240506329113,0.0,0.0,0.0,0.5,0.5,0.5,2.2,18.125
277,1048,61b320a0cf0f344d5acb1c94,1630737.277,564,0,2,1.0,1.0,1.0,0.0,0.0,0.0,1.0,1.0,1.0,0.0,100.0
278,1048,61b320a0cf0f344d5acb1c94,1630737.287,620,0,4,1.0,1.0,1.0,0.0,0.0,0.0,1.0,0.75,0.8571428571428571,0.2,20.192307692307693
279,1049,61b320c5cf0f342a0acb1c95,1630737.026,690,0,21,1.0,0.9884057971014493,0.9941690962099126,0.0,0.0,0.0,0.7142857142857143,0.47619047619047616,0.5714285714285714,2.7,51.33614627285513
280,1049,61b320c5cf0f342a0acb1c95,1630737.087,760,0,18,1.0,0.9802631578947368,0.9900332225913622,0.0,0.0,0.0,0.5454545454545454,0.3333333333333333,0.41379310344827586,3.5,52.69922879177378
281,1049,61b320c5cf0f342a0acb1c95,1630737.111,715,0,16,0.9985835694050992,0.986013986013986,0.992258972554539,0.0,0.0,0.0,0.5625,0.5625,0.5625,2.3,71.81942544459645
282,1049,61b320c5cf0f342a0acb1c95,1630737.113,698,0,22,1.0,1.0,1.0,0.0,0.0,0.0,1.0,0.4090909090909091,0.5806451612903226,1.8,72.77777777777777
283,1049,61b320c5cf0f342a0acb1c95,1630737.115,761,0,17,0.9986631016042781,0.9816031537450722,0.9900596421471172,0.0,0.0,0.0,0.55,0.6470588235294118,0.5945945945945946,2.6,64.26735218508998
284,1049,61b320c5cf0f342a0acb1c95,1630737.136,661,0,19,1.0,1.0,1.0,0.0,0.0,0.0,1.0,0.47368421052631576,0.6428571428571429,1.5,59.26470588235294
285,1049,61b320c5cf0f342a0acb1c95,1630737.165,685,0,21,1.0,0.9897810218978103,0.9948642699926633,0.0,0.0,0.0,0.7333333333333333,0.5238095238095238,0.611111111111111,2.4,52.69121813031161
286,1049,61b320c5cf0f342a0acb1c95,1630737.179,718,0,16,1.0,0.9888579387186629,0.9943977591036415,0.0,0.0,0.0,0.7777777777777778,0.4375,0.56,2.3,70.84468664850137
287,1049,61b320c5cf0f342a0acb1c95,1630737.249,682,0,16,1.0,0.9956011730205279,0.9977957384276267,0.0,0.0,0.0,0.9230769230769231,0.75,0.8275862068965517,1.0,55.587392550143264
288,1049,61b320c5cf0f342a0acb1c95,1630737.284,667,0,16,1.0,0.9895052473763118,0.9947249434815374,0.0,0.0,0.0,0.5714285714285714,0.5,0.5333333333333333,2.2,73.9385065885798
